{
  "alertId": "AML-86787345-736457-356546",
  "alertGeneratedDate": "22 January 2014",
  "alertMonth": "January",
  "alertYear": "2024",
  "alertStatus": "open",
  "alertType": "Monthly",
  "rule": "passed",
  "ruleVersion": "V6",
  "mccCode": "2525",
  "transactionType": "Gaming",
  "transactionTypeIdentifier": "Identifier",
  "network": "Available",
  "region": "Canada",
  "country": "Canada",
  "XBorDOM": "XB",
  "thresholdPercentage": "thresholdPercentage",
  "percentageExceeded": "crossed",
  "thresholdAmount": "95000",
  "percentageAmountExceeded": "5%",
  "amountExceeded": "yes",
  "oiRiName": "Data",
  "oiRiType": "String",
  "oiRiCountry": "United States",
  "oiRiCid": "232326",
  "tIName": "Senior",
  "fileName": "Transaction"
}
