{
  "pageLength": 10,
  "pageOffset": 0,
  "total": 20,
  "totalPages": 2,
  "items": [
    {
      "alertId": "SN-P2P-171-818-814-105-7092",
      "alertGenerationDate": "2020-06-03T00:00:00.000-05:00",
      "alertStatus": "CLOSED",
      "alertType": "Daily",
      "alertAge": "4 Days",
      "oiRi": "OI",
      "oiRiName": "HDFC BANK LTD",
      "oiRiType": "null",
      "oiRiRegion": "Asia-Pacific",
      "oiRiCountry": "INDIA",
      "oiRiCid": "C123456",
      "tiName": "APPLE PAY",
      "fileName": "alert-detail.csv",
      "transactionType": "P2P",
      "thresholdAmount": 11,
      "percentageAmountExceeded": 12,
      "amountExceeded": 11,
      "assignedTo": "SendAnalyst",
      "rule": "P2P-FUNDING-F07-DOM",
      "ruleVersion": "V1",
      "actionDescription": "Auth",
      "network": "Clear",
      "mccCode": "6356",
      "transactionTypeIdentifier": "C52",
      "region": "Asia-Pacific",
      "createdBy": "sn-generic-id",
      "createDate": "2024-06-12T15:59:01.060-05:00",
      "modifiedBy": "null",
      "modifiedDate": "2024-06-12T15:59:01.060-05:00",
      "thresholdPercentage": 14,
      "percentageExceeded": 17,
      "xbOrDom": "XB"
    },
    {
      "alertId": "SN-P2P-171-818-814-105-7092",
      "alertGenerationDate": "2020-06-03T00:00:00.000-05:00",
      "alertStatus": "CLOSED",
      "alertType": "Monthly",
      "alertAge": "4 Days",
      "oiRi": "OI",
      "oiRiName": "ICICI BANK LTD",
      "oiRiType": "null",
      "oiRiRegion": "Asia-Pacific",
      "oiRiCountry": "INDIA",
      "oiRiCid": "C123456",
      "tiName": "APPLE PAY",
      "fileName": "alert-details.csv",
      "transactionType": "P2P",
      "thresholdAmount": 14,
      "percentageAmountExceeded": 12,
      "amountExceeded": 7,
      "assignedTo": "SendAnalyst",
      "rule": "P2P-FUNDING-F07-DOM",
      "ruleVersion": "V1",
      "actionDescription": "Auth",
      "network": "Debit",
      "mccCode": "6356",
      "transactionTypeIdentifier": "C52",
      "region": "Asia-Pacific",
      "createdBy": "sn-generic-id",
      "createDate": "2024-06-12T15:59:01.060-05:00",
      "modifiedBy": "null",
      "modifiedDate": "2024-06-12T15:59:01.060-05:00",
      "thresholdPercentage": 14,
      "percentageExceeded": 17,
      "xbOrDom": "DOM"
    }
  ]
}
