[
  {
    "id": "SM-ISS-171-231-575-688-6414",
    "alertId": "SM-ISS-171-231-575-688-6414",
    "documentType": "ACTION_PLAN",
    "description": null,
    "documentName": "pdftest.pdf",
    "documentPath": "https://stl.stage.s3.mastercard.int:443/fls-sm-casemanager/SM-ISS-171-231-575-688-6414/pdftest.pdf",
    "documentSize": 31676,
    "caseAttachmentId": "0eb97816-1e34-4e7a-b893-be5a38792633",
    "createdById": "sm-generic-id",
    "modifiedById": null,
    "createdOnDate": "2024-04-05T11:35:51.270Z",
    "lastUpdatedDate": null
  },
  {
    "id": "SM-ISS-171-231-575-688-6414",
    "alertId": "SM-ISS-171-231-575-688-6414",
    "documentType": "CASE_CLOSURE_EMAILS",
    "description": null,
    "documentName": "Cases_2024-03-18-12-55.xlsx",
    "documentPath": "https://stl.stage.s3.mastercard.int:443/fls-sm-casemanager/SM-ISS-171-231-575-688-6414/Cases_2024-03-18-12-55.xlsx",
    "documentSize": 12765,
    "caseAttachmentId": "3583b11b-9a5b-45bc-abf6-2088a8e5cfea",
    "createdById": "sm-generic-id",
    "modifiedById": null,
    "createdOnDate": "2024-04-05T11:17:19.607Z",
    "lastUpdatedDate": null
  }
]
