[
  {
    "commentId": "123",
    "userName": "John Doe",
    "date": "2024-04-14T12:11:49.982Z",
    "comment": "I have tendency to use jargon or technical that may not be familiar to everyone on the team."
  },
  {
    "commentId": "456",
    "userName": "Jane Smith",
    "date": "2024-04-13T11:40:49.982Z",
    "comment": "The supervisor head has received numerous complaints about the quality of work."
  },
  {
    "commentId": "789",
    "userName": "Michael Johnson",
    "date": "2024-04-13T10:20:49.982Z",
    "comment": "Adapted to new systems and processes well and seeks out training to enhance knowledge and skills."
  }
]
